{
    "mri_only": [
        {
            "summary": {
                "num_samples": 28,
                "avg_loss": 0.6361136436462402
            },
            "global_metrics": {
                "accuracy": 0.7857142857142857,
                "balanced_accuracy": 0.5666666666666667,
                "f1_macro": 0.5793650793650794,
                "f1_weighted": 0.7653061224489796,
                "precision_macro": 0.6212121212121212,
                "recall_macro": 0.5666666666666667,
                "auroc_macro": 0.7826388888888888,
                "auprc_macro": 0.6528012205611535
            },
            "per_class_metrics": {
                "0": {
                    "support": 4,
                    "fraction": 0.14285714285714285,
                    "precision": 0.5,
                    "recall": 0.5,
                    "f1": 0.5
                },
                "1": {
                    "support": 4,
                    "fraction": 0.14285714285714285,
                    "precision": 0.5,
                    "recall": 0.25,
                    "f1": 0.3333333333333333
                },
                "2": {
                    "support": 20,
                    "fraction": 0.7142857142857143,
                    "precision": 0.8636363636363636,
                    "recall": 0.95,
                    "f1": 0.9047619047619048
                }
            },
            "confusion_matrix": {
                "labels": [
                    0,
                    1,
                    2
                ],
                "matrix": [
                    [
                        2,
                        1,
                        1
                    ],
                    [
                        1,
                        1,
                        2
                    ],
                    [
                        1,
                        0,
                        19
                    ]
                ]
            },
            "iteration": 1200,
            "val_f1": 0.7653061224489796
        }
    ],
    "histo_only": [
        {
            "summary": {
                "num_samples": 28,
                "avg_loss": 1.3068188428878784
            },
            "global_metrics": {
                "accuracy": 0.7142857142857143,
                "balanced_accuracy": 0.6,
                "f1_macro": 0.5687423687423687,
                "f1_weighted": 0.712611198325484,
                "precision_macro": 0.5584795321637427,
                "recall_macro": 0.6,
                "auroc_macro": 0.6909722222222222,
                "auprc_macro": 0.5804725815373727
            },
            "per_class_metrics": {
                "0": {
                    "support": 4,
                    "fraction": 0.14285714285714285,
                    "precision": 0.5,
                    "recall": 0.75,
                    "f1": 0.6
                },
                "1": {
                    "support": 4,
                    "fraction": 0.14285714285714285,
                    "precision": 0.3333333333333333,
                    "recall": 0.25,
                    "f1": 0.2857142857142857
                },
                "2": {
                    "support": 20,
                    "fraction": 0.7142857142857143,
                    "precision": 0.8421052631578947,
                    "recall": 0.8,
                    "f1": 0.8205128205128205
                }
            },
            "confusion_matrix": {
                "labels": [
                    0,
                    1,
                    2
                ],
                "matrix": [
                    [
                        3,
                        1,
                        0
                    ],
                    [
                        0,
                        1,
                        3
                    ],
                    [
                        3,
                        1,
                        16
                    ]
                ]
            },
            "iteration": 1200,
            "val_f1": 0.712611198325484
        }
    ],
    "fusion_mri_histo": [
        {
            "iteration": 1200,
            "val_f1": 0.612537838101748,
            "test_results": {
                "fusion_full": {
                    "summary": {
                        "num_samples": 28,
                        "avg_loss": 1.1253706216812134
                    },
                    "global_metrics": {
                        "accuracy": 0.7142857142857143,
                        "balanced_accuracy": 0.6,
                        "f1_macro": 0.5687423687423687,
                        "f1_weighted": 0.712611198325484,
                        "precision_macro": 0.5584795321637427,
                        "recall_macro": 0.6,
                        "auroc_macro": 0.7006944444444446,
                        "auprc_macro": 0.5965962543266464
                    },
                    "per_class_metrics": {
                        "0": {
                            "support": 4,
                            "fraction": 0.14285714285714285,
                            "precision": 0.5,
                            "recall": 0.75,
                            "f1": 0.6
                        },
                        "1": {
                            "support": 4,
                            "fraction": 0.14285714285714285,
                            "precision": 0.3333333333333333,
                            "recall": 0.25,
                            "f1": 0.2857142857142857
                        },
                        "2": {
                            "support": 20,
                            "fraction": 0.7142857142857143,
                            "precision": 0.8421052631578947,
                            "recall": 0.8,
                            "f1": 0.8205128205128205
                        }
                    },
                    "confusion_matrix": {
                        "labels": [
                            0,
                            1,
                            2
                        ],
                        "matrix": [
                            [
                                3,
                                1,
                                0
                            ],
                            [
                                0,
                                1,
                                3
                            ],
                            [
                                3,
                                1,
                                16
                            ]
                        ]
                    }
                },
                "mri_only": {
                    "summary": {
                        "num_samples": 28,
                        "avg_loss": 1.0543586015701294
                    },
                    "global_metrics": {
                        "accuracy": 0.7142857142857143,
                        "balanced_accuracy": 0.6666666666666666,
                        "f1_macro": 0.6190476190476191,
                        "f1_weighted": 0.7551020408163265,
                        "precision_macro": 0.6555555555555556,
                        "recall_macro": 0.6666666666666666,
                        "auroc_macro": 0.7659722222222222,
                        "auprc_macro": 0.6151472270419639
                    },
                    "per_class_metrics": {
                        "0": {
                            "support": 4,
                            "fraction": 0.14285714285714285,
                            "precision": 0.6666666666666666,
                            "recall": 0.5,
                            "f1": 0.5714285714285714
                        },
                        "1": {
                            "support": 4,
                            "fraction": 0.14285714285714285,