{
    "mri_only": [
        {
            "summary": {
                "num_samples": 28,
                "avg_loss": 0.30276793241500854
            },
            "global_metrics": {
                "accuracy": 0.8571428571428571,
                "balanced_accuracy": 0.8125,
                "f1_macro": 0.7565217391304347,
                "f1_weighted": 0.8683229813664595,
                "precision_macro": 0.7272727272727273,
                "recall_macro": 0.8125,
                "auroc_macro": 0.9322916666666667,
                "auprc_macro": 0.8290412928456405
            },
            "per_class_metrics": {
                "0": {
                    "support": 4,
                    "fraction": 0.14285714285714285,
                    "precision": 0.5,
                    "recall": 0.75,
                    "f1": 0.6
                },
                "1": {
                    "support": 24,
                    "fraction": 0.8571428571428571,
                    "precision": 0.9545454545454546,
                    "recall": 0.875,
                    "f1": 0.9130434782608695
                }
            },
            "confusion_matrix": {
                "labels": [
                    0,
                    1
                ],
                "matrix": [
                    [
                        3,
                        1
                    ],
                    [
                        3,
                        21
                    ]
                ]
            },
            "iteration": 1200,
            "val_f1": 0.8683229813664595
        }
    ],
    "histo_only": [
        {
            "summary": {
                "num_samples": 28,
                "avg_loss": 0.5662962198257446
            },
            "global_metrics": {
                "accuracy": 0.8571428571428571,
                "balanced_accuracy": 0.8125,
                "f1_macro": 0.7565217391304347,
                "f1_weighted": 0.8683229813664595,
                "precision_macro": 0.7272727272727273,
                "recall_macro": 0.8125,
                "auroc_macro": 0.71875,
                "auprc_macro": 0.6316169095459923
            },
            "per_class_metrics": {
                "0": {
                    "support": 4,
                    "fraction": 0.14285714285714285,
                    "precision": 0.5,
                    "recall": 0.75,
                    "f1": 0.6
                },
                "1": {
                    "support": 24,
                    "fraction": 0.8571428571428571,
                    "precision": 0.9545454545454546,
                    "recall": 0.875,
                    "f1": 0.9130434782608695
                }
            },
            "confusion_matrix": {
                "labels": [
                    0,
                    1
                ],
                "matrix": [
                    [
                        3,
                        1
                    ],
                    [
                        3,
                        21
                    ]
                ]
            },
            "iteration": 1200,
            "val_f1": 0.8683229813664595
        }
    ],
    "fusion_mri_histo": [
        {
            "iteration": 1200,
            "val_f1": 0.8293460925039872,
            "test_results": {
                "fusion_full": {
                    "summary": {
                        "num_samples": 28,
                        "avg_loss": 0.5496821999549866
                    },
                    "global_metrics": {
                        "accuracy": 0.8214285714285714,
                        "balanced_accuracy": 0.7916666666666667,
                        "f1_macro": 0.7171717171717171,
                        "f1_weighted": 0.8398268398268398,
                        "precision_macro": 0.6904761904761905,
                        "recall_macro": 0.7916666666666667,
                        "auroc_macro": 0.71875,
                        "auprc_macro": 0.6316169095459923
                    },
                    "per_class_metrics": {
                        "0": {
                            "support": 4,
                            "fraction": 0.14285714285714285,
                            "precision": 0.42857142857142855,
                            "recall": 0.75,
                            "f1": 0.5454545454545454
                        },
                        "1": {
                            "support": 24,
                            "fraction": 0.8571428571428571,
                            "precision": 0.9523809523809523,
                            "recall": 0.8333333333333334,
                            "f1": 0.8888888888888888
                        }
                    },
                    "confusion_matrix": {
                        "labels": [
                            0,
                            1
                        ],
                        "matrix": [
                            [
                                3,
                                1
                            ],
                            [
                                4,
                                20
                            ]
                        ]
                    }
                },
                "mri_only": {
                    "summary": {
                        "num_samples": 28,
                        "avg_loss": 0.5758399963378906
                    },
                    "global_metrics": {
                        "accuracy": 0.8928571428571429,
                        "balanced_accuracy": 0.8333333333333333,
                        "f1_macro": 0.801418439716312,
                        "f1_weighted": 0.8976697061803446,
                        "precision_macro": 0.7782608695652173,
                        "recall_macro": 0.8333333333333333,
                        "auroc_macro": 0.9270833333333334,
                        "auprc_macro": 0.8399990850534328
                    },
                    "per_class_metrics": {
                        "0": {
                            "support": 4,
                            "fraction": 0.14285714285714285,
                            "precision": 0.6,
                            "recall": 0.75,
                            "f1": 0.6666666666666666
                        },
                        "1": {
                            "support": 24,
                            "fraction": 0.8571428571428571,
                            "precision": 0.9565217391304348,
                            "recall": 0.9166666666666666,
                            "f1": 0.9361702127659575
                        }
                    },
                    "confusion_matrix": {
                        "labels": [
                            0,
                            1
                        ],
                        "matrix": [
                            [
                                3,
                                1
                            ],
                            [
                                2,
                                22
                            ]
                        ]
                    }
                },
                "histo_only": {
                    "summary": {
                        "num_samples": 28,
                        "avg_loss": 0.5551721453666687
                    },
                    "global_metrics": {
                        "accuracy": 0.8214285714285714,
                        "balanced_accuracy": 0.7916666666666667,
                        "f1_macro": 0.7171717171717171,
                        "f1_weighted": 0.8398268398268398,
                        "precision_macro": 0.6904761904761905,
                        "recall_macro": 0.7916666666666667,
                        "auroc_macro": 0.71875,
                        "auprc_macro": 0.6316169095459923
                    },