{
    "mri_only": [
        {
            "summary": {
                "num_samples": 18,
                "avg_loss": 0.8928826451301575
            },
            "global_metrics": {
                "accuracy": 0.7222222222222222,
                "balanced_accuracy": 0.4696969696969697,
                "f1_macro": 0.4666666666666666,
                "f1_weighted": 0.6888888888888889,
                "precision_macro": 0.48809523809523814,
                "recall_macro": 0.4696969696969697,
                "auroc_macro": 0.6790559658206717,
                "auprc_macro": 0.5157084918448555
            },
            "per_class_metrics": {
                "0": {
                    "support": 11,
                    "fraction": 0.6111111111111112,
                    "precision": 0.7142857142857143,
                    "recall": 0.9090909090909091,
                    "f1": 0.8
                },
                "1": {
                    "support": 6,
                    "fraction": 0.3333333333333333,
                    "precision": 0.75,
                    "recall": 0.5,
                    "f1": 0.6
                },
                "3": {
                    "support": 1,
                    "fraction": 0.05555555555555555,
                    "precision": 0.0,
                    "recall": 0.0,
                    "f1": 0.0
                }
            },
            "confusion_matrix": {
                "labels": [
                    0,
                    1,
                    3
                ],
                "matrix": [
                    [
                        10,
                        1,
                        0
                    ],
                    [
                        3,
                        3,
                        0
                    ],
                    [
                        1,
                        0,
                        0
                    ]
                ]
            },
            "iteration": 1200,
            "val_f1": 0.6888888888888889
        }
    ],
    "histo_only": [
        {
            "summary": {
                "num_samples": 18,
                "avg_loss": 0.7488219738006592
            },
            "global_metrics": {
                "accuracy": 0.7222222222222222,
                "balanced_accuracy": 0.4696969696969697,
                "f1_macro": 0.4666666666666666,
                "f1_weighted": 0.6888888888888889,
                "precision_macro": 0.48809523809523814,
                "recall_macro": 0.4696969696969697,
                "auroc_macro": 0.6896096822567409,
                "auprc_macro": 0.6028832278832278
            },
            "per_class_metrics": {
                "0": {
                    "support": 11,
                    "fraction": 0.6111111111111112,
                    "precision": 0.7142857142857143,
                    "recall": 0.9090909090909091,
                    "f1": 0.8
                },
                "1": {
                    "support": 6,
                    "fraction": 0.3333333333333333,
                    "precision": 0.75,
                    "recall": 0.5,
                    "f1": 0.6
                },
                "3": {
                    "support": 1,
                    "fraction": 0.05555555555555555,
                    "precision": 0.0,
                    "recall": 0.0,
                    "f1": 0.0
                }
            },
            "confusion_matrix": {
                "labels": [
                    0,
                    1,
                    3
                ],
                "matrix": [
                    [
                        10,
                        1,
                        0
                    ],
                    [
                        3,
                        3,
                        0
                    ],
                    [
                        1,
                        0,
                        0
                    ]
                ]
            },
            "iteration": 1200,
            "val_f1": 0.6888888888888889
        }
    ],
    "fusion_mri_histo": [
        {
            "iteration": 1200,
            "val_f1": 0.763235294117647,
            "test_results": {
                "fusion_full": {
                    "summary": {
                        "num_samples": 18,
                        "avg_loss": 0.5817983746528625
                    },
                    "global_metrics": {
                        "accuracy": 0.8333333333333334,
                        "balanced_accuracy": 0.5555555555555555,
                        "f1_macro": 0.56,
                        "f1_weighted": 0.8044444444444445,
                        "precision_macro": 0.5952380952380952,
                        "recall_macro": 0.5555555555555555,
                        "auroc_macro": 0.8305923379452791,
                        "auprc_macro": 0.6274706774706774
                    },
                    "per_class_metrics": {
                        "0": {
                            "support": 11,
                            "fraction": 0.6111111111111112,
                            "precision": 0.7857142857142857,
                            "recall": 1.0,
                            "f1": 0.88
                        },
                        "1": {
                            "support": 6,
                            "fraction": 0.3333333333333333,
                            "precision": 1.0,
                            "recall": 0.6666666666666666,
                            "f1": 0.8
                        },
                        "3": {
                            "support": 1,
                            "fraction": 0.05555555555555555,
                            "precision": 0.0,
                            "recall": 0.0,
                            "f1": 0.0
                        }
                    },
                    "confusion_matrix": {
                        "labels": [
                            0,
                            1,
                            3
                        ],
                        "matrix": [
                            [
                                11,
                                0,
                                0
                            ],
                            [
                                2,
                                4,
                                0
                            ],
                            [
                                1,
                                0,
                                0
                            ]
                        ]
                    }
                },
                "mri_only": {
                    "summary": {
                        "num_samples": 18,
                        "avg_loss": 0.9251475930213928
                    },
                    "global_metrics": {
                        "accuracy": 0.6111111111111112,
                        "balanced_accuracy": 0.2689393939393939,
                        "f1_macro": 0.2548076923076923,
                        "f1_weighted": 0.5534188034188035,
                        "precision_macro": 0.29166666666666663,
                        "recall_macro": 0.2689393939393939,
                        "auroc_macro": 0.6700584274113686,
                        "auprc_macro": 0.48518766463285184
                    },
                    "per_class_metrics": {
                        "0": {
                            "support": 11,
                            "fraction": 0.6111111111111112,
                            "precision": 0.6666666666666666,
                            "recall": 0.9090909090909091,
                            "f1": 0.7692307692307693
                        },
                        "1": {
                            "support": 6,
                            "fraction": 0.3333333333333333,